-- dev_seed.sql — 프로토타입 데이터 기준 완전 동기화
-- 재실행 안전: TRUNCATE → INSERT (멱등)
-- UUID는 mockUsers.ts fixture와 동일해야 auth 미들웨어와 연동됨 (001~003)

BEGIN;

-- ── 전체 초기화 (CASCADE로 FK 참조 테이블 포함)
TRUNCATE
  notifications, voc_internal_notes, voc_tags, tag_rules, comments,
  voc_history, voc_payload_reviews, voc_payload_history,
  attachments, voc_sequence_counters, vocs,
  menus, systems, voc_types, tags
  CASCADE;

-- ── users (기존 3 + 프로토타입 사용자 7명)
INSERT INTO users (id, ad_username, display_name, email, role) VALUES
  ('00000000-0000-0000-0000-000000000001', 'mock_admin',    'Mock Admin',   'admin@company.com',    'admin'),
  ('00000000-0000-0000-0000-000000000002', 'mock_manager',  'Mock Manager', 'manager@company.com',  'manager'),
  ('00000000-0000-0000-0000-000000000003', 'mock_user',     'Mock User',    'user@company.com',     'user'),
  ('00000000-0000-0000-0000-000000000004', 'hong_gildong',  '홍길동',        'hong@company.com',     'user'),
  ('00000000-0000-0000-0000-000000000005', 'kim_manager',   '김관리',        'kim.m@company.com',    'manager'),
  ('00000000-0000-0000-0000-000000000006', 'lee_analyst',   '이분석',        'lee.a@company.com',    'user'),
  ('00000000-0000-0000-0000-000000000007', 'park_dev',      '박개발',        'park.d@company.com',   'user'),
  ('00000000-0000-0000-0000-000000000008', 'park_user',     '박사용자',       'park.u@company.com',   'user'),
  ('00000000-0000-0000-0000-000000000009', 'jung_leader',   '정팀장',        'jung.l@company.com',   'manager'),
  ('00000000-0000-0000-0000-000000000010', 'choi_analyst',  '최분석',        'choi.a@company.com',   'user')
ON CONFLICT (id) DO UPDATE
  SET ad_username  = EXCLUDED.ad_username,
      display_name = EXCLUDED.display_name,
      email        = EXCLUDED.email,
      role         = EXCLUDED.role;

-- ── systems (프로토타입 3개)
INSERT INTO systems (id, name, slug) VALUES
  ('10000000-0000-0000-0000-000000000001', '데이터 분석',      '분석'),
  ('10000000-0000-0000-0000-000000000002', '데이터 파이프라인', '파이프라인'),
  ('10000000-0000-0000-0000-000000000003', '대시보드',         '대시보드');

-- ── menus (프로토타입 8개)
INSERT INTO menus (id, system_id, name, slug) VALUES
  ('20000000-0000-0000-0000-000000000001', '10000000-0000-0000-0000-000000000001', '차트/그래프', 'chart'),
  ('20000000-0000-0000-0000-000000000002', '10000000-0000-0000-0000-000000000001', '리포트',      'report'),
  ('20000000-0000-0000-0000-000000000003', '10000000-0000-0000-0000-000000000001', '필터/집계',   'filter'),
  ('20000000-0000-0000-0000-000000000004', '10000000-0000-0000-0000-000000000002', 'ETL 배치',    'etl'),
  ('20000000-0000-0000-0000-000000000005', '10000000-0000-0000-0000-000000000002', '데이터 수집',  'ingest'),
  ('20000000-0000-0000-0000-000000000006', '10000000-0000-0000-0000-000000000003', '위젯',        'widget'),
  ('20000000-0000-0000-0000-000000000007', '10000000-0000-0000-0000-000000000003', 'KPI',         'kpi'),
  ('20000000-0000-0000-0000-000000000008', '10000000-0000-0000-0000-000000000003', '알림 설정',   'notification');

-- ── voc_types (프로토타입 4종 동일)
INSERT INTO voc_types (id, name, slug, color, sort_order) VALUES
  ('30000000-0000-0000-0000-000000000001', '버그',      'bug',         'red',    1),
  ('30000000-0000-0000-0000-000000000002', '기능 요청', 'feature',     'blue',   2),
  ('30000000-0000-0000-0000-000000000003', '개선 제안', 'improvement', 'yellow', 3),
  ('30000000-0000-0000-0000-000000000004', '문의',      'inquiry',     'green',  4);

-- ── tags (프로토타입 VOC에 실제 사용되는 태그 9개)
INSERT INTO tags (id, name, slug, kind) VALUES
  ('40000000-0000-0000-0000-000000000001', '차트',    'chart',      'general'),
  ('40000000-0000-0000-0000-000000000002', '데이터',  'data',       'general'),
  ('40000000-0000-0000-0000-000000000003', '오류',    'error',      'general'),
  ('40000000-0000-0000-0000-000000000004', 'ETL',     'etl',        'general'),
  ('40000000-0000-0000-0000-000000000005', 'KPI',     'kpi',        'general'),
  ('40000000-0000-0000-0000-000000000006', '통계',    'statistics', 'general'),
  ('40000000-0000-0000-0000-000000000007', '대시보드', 'dashboard',  'general'),
  ('40000000-0000-0000-0000-000000000008', '위젯',    'widget',     'general'),
  ('40000000-0000-0000-0000-000000000009', '배치',    'batch',      'general');

-- ── vocs (프로토타입 12건 + 하위 VOC 2건)
-- sequence_no 명시 → 트리거 WHEN (sequence_no IS NULL) 조건 우회, issue_code 직접 설정
-- issue_code 형식: UPPER(slug) || '-' || year || '-' || 4자리 seq  (트리거 동일 규칙)
INSERT INTO vocs (
  id, title, body, status, priority,
  author_id, assignee_id, parent_id,
  system_id, menu_id, voc_type_id,
  sequence_no, issue_code, source, created_at
) VALUES

  -- voc1: 분석-2025-0001 (처리중/urgent, subtask 2건)
  ('50000000-0000-0000-0000-000000000001',
   '차트 필터 다중 적용 시 무한 로딩 발생 — 두 개 이상 선택 후 조회 불가',
   '<p>차트/그래프 화면에서 필터를 <strong>두 개 이상 동시에 선택</strong>하면 조회 버튼 클릭 후 스피너만 계속 돌고 결과가 나타나지 않습니다.</p><p>단일 필터 적용 시에는 정상 동작합니다. 크롬·엣지 모두 동일하게 발생하며 콘솔에 <code>Query timeout after 30s</code> 오류가 기록됩니다.</p><p>재현 방법: 차트 화면 → 기간 필터 + 부서 필터 동시 선택 → 조회 → 무한 로딩.</p>',
   '처리중', 'urgent',
   '00000000-0000-0000-0000-000000000008', '00000000-0000-0000-0000-000000000005', NULL,
   '10000000-0000-0000-0000-000000000001', '20000000-0000-0000-0000-000000000001', '30000000-0000-0000-0000-000000000001',
   1, '분석-2025-0001', 'manual', '2025-06-12 09:00:00+09'),

  -- voc2: 분석-2025-0047 (검토중/high)
  ('50000000-0000-0000-0000-000000000002',
   '대시보드 월별 매출 차트에서 특정 월 데이터가 0으로 표시됨',
   '<p>월별 매출 차트에서 <strong>2025년 3월, 5월</strong> 데이터가 0으로 표시됩니다. DB에는 정상 저장되어 있고 실제 매출도 발생했습니다.</p><p>다른 월은 정상이며 날짜 범위를 분기별로 변경해도 동일하게 발생합니다. 차트 렌더링 레이어의 데이터 바인딩 문제로 추정됩니다.</p>',
   '검토중', 'high',
   '00000000-0000-0000-0000-000000000009', '00000000-0000-0000-0000-000000000006', NULL,
   '10000000-0000-0000-0000-000000000001', '20000000-0000-0000-0000-000000000001', '30000000-0000-0000-0000-000000000001',
   47, '분석-2025-0047', 'manual', '2025-06-11 14:30:00+09'),

  -- voc3: 파이프라인-2025-0008 (접수/medium)
  ('50000000-0000-0000-0000-000000000003',
   'ETL 배치 작업이 매일 새벽 2시 이후 실패 — 타임아웃 관련',
   '<p>ETL 배치 작업이 매일 새벽 <strong>2시~3시</strong> 사이에 반복적으로 실패합니다. 에러 로그에는 <code>Connection timeout after 30s</code> 메시지가 기록됩니다.</p><p>낮 시간대에는 동일한 작업이 정상 실행됩니다. 야간 DB 부하 집중으로 인한 타임아웃 임계값 초과로 추정됩니다.</p>',
   '접수', 'medium',
   '00000000-0000-0000-0000-000000000010', '00000000-0000-0000-0000-000000000004', NULL,
   '10000000-0000-0000-0000-000000000002', '20000000-0000-0000-0000-000000000004', '30000000-0000-0000-0000-000000000001',
   8, '파이프라인-2025-0008', 'manual', '2025-06-10 10:15:00+09'),

  -- voc4: 대시보드-2025-0015 (완료/low)
  ('50000000-0000-0000-0000-000000000004',
   'KPI 요약 위젯에서 전월 대비 증감률이 반대로 표시됨',
   '<p>KPI 요약 위젯에서 전월 대비 증감률이 <strong>반대 부호</strong>로 표시됩니다. 예: 실제 10% 증가인데 -10%로 표시됩니다.</p><p>모든 KPI 항목에서 동일하게 발생하며, 전일 대비 증감률은 정상입니다. 전월 비교 계산식에서 분자/분모가 뒤바뀐 것으로 추정됩니다.</p>',
   '완료', 'low',
   '00000000-0000-0000-0000-000000000004', '00000000-0000-0000-0000-000000000005', NULL,
   '10000000-0000-0000-0000-000000000003', '20000000-0000-0000-0000-000000000007', '30000000-0000-0000-0000-000000000001',
   15, '대시보드-2025-0015', 'manual', '2025-06-08 11:00:00+09'),

  -- voc5: 파이프라인-2025-0002 (드랍/high)
  ('50000000-0000-0000-0000-000000000005',
   '실시간 데이터 수집 파이프라인에서 중복 레코드 삽입 발생',
   '<p>실시간 수집 파이프라인에서 이벤트 1건이 <strong>2~3회 중복 삽입</strong>되는 현상이 확인됐습니다. 중복 건수는 일별 약 200~300건이며 고유 키 제약 위반 에러도 함께 발생합니다.</p><p>네트워크 재시도 로직이 ACK 타임아웃을 중복 실패로 오인하여 재전송하는 것이 원인으로 추정됩니다.</p>',
   '드랍', 'high',
   '00000000-0000-0000-0000-000000000008', '00000000-0000-0000-0000-000000000006', NULL,
   '10000000-0000-0000-0000-000000000002', '20000000-0000-0000-0000-000000000005', '30000000-0000-0000-0000-000000000001',
   2, '파이프라인-2025-0002', 'manual', '2025-06-07 16:45:00+09'),

  -- voc6: 분석-2025-0031 (접수/medium, 담당자 없음)
  ('50000000-0000-0000-0000-000000000006',
   '사용자별 접속 통계에서 중복 카운트 발생',
   '<p>사용자별 일일 접속 통계에서 동일 사용자가 <strong>2~3회 중복 카운트</strong>됩니다. 새 탭 열기나 페이지 새로고침 시 별도 세션으로 집계되는 것으로 추정됩니다.</p><p>월간 리포트의 UV(Unique Visitors) 수치가 실제보다 높게 집계되어 신뢰도 문제가 발생하고 있습니다.</p>',
   '접수', 'medium',
   '00000000-0000-0000-0000-000000000006', NULL, NULL,
   '10000000-0000-0000-0000-000000000001', '20000000-0000-0000-0000-000000000002', '30000000-0000-0000-0000-000000000002',
   31, '분석-2025-0031', 'manual', '2025-06-05 13:20:00+09'),

  -- voc7: 대시보드-2025-0003 (검토중/high)
  ('50000000-0000-0000-0000-000000000007',
   '실시간 매출 현황 위젯 데이터가 1시간씩 지연됨',
   '<p>실시간 매출 현황 위젯의 데이터가 <strong>약 1시간</strong> 지연되어 표시됩니다. 화면 새로고침을 해도 동일하며 다른 위젯(주간 매출 등)은 정상입니다.</p><p>캐싱 레이어의 TTL 설정이 1시간으로 고정된 것이 원인으로 추정됩니다.</p>',
   '검토중', 'high',
   '00000000-0000-0000-0000-000000000009', '00000000-0000-0000-0000-000000000007', NULL,
   '10000000-0000-0000-0000-000000000003', '20000000-0000-0000-0000-000000000006', '30000000-0000-0000-0000-000000000003',
   3, '대시보드-2025-0003', 'manual', '2025-06-04 09:30:00+09'),

  -- voc8: 파이프라인-2025-0012 (처리중/urgent)
  ('50000000-0000-0000-0000-000000000008',
   'Spark 집계 잡이 메모리 부족으로 매주 월요일 실패',
   '<p>Spark 집계 잡이 매주 <strong>월요일 00:30~01:00</strong> 사이 OOM(Out of Memory) 에러로 실패합니다. 주말 동안 쌓인 데이터 볼륨이 커서 executor 메모리를 초과하는 것으로 추정됩니다.</p><p>에러: <code>java.lang.OutOfMemoryError: GC overhead limit exceeded</code></p>',
   '처리중', 'urgent',
   '00000000-0000-0000-0000-000000000010', '00000000-0000-0000-0000-000000000007', NULL,
   '10000000-0000-0000-0000-000000000002', '20000000-0000-0000-0000-000000000004', '30000000-0000-0000-0000-000000000001',
   12, '파이프라인-2025-0012', 'manual', '2025-06-03 08:00:00+09'),

  -- voc9: 대시보드-2025-0023 (완료/medium)
  ('50000000-0000-0000-0000-000000000009',
   '접속 현황 위젯 클릭 시 드릴다운 상세 화면이 열리지 않음',
   '<p>사용자 접속 현황 위젯의 막대 그래프 항목을 클릭하면 드릴다운 상세 화면이 열려야 하지만 아무 반응이 없습니다.</p><p>다른 위젯(매출 현황, KPI 요약)은 정상 동작합니다. 클릭 이벤트 핸들러가 마운트 타이밍 오류로 바인딩되지 않은 것으로 추정됩니다.</p>',
   '완료', 'medium',
   '00000000-0000-0000-0000-000000000004', '00000000-0000-0000-0000-000000000005', NULL,
   '10000000-0000-0000-0000-000000000003', '20000000-0000-0000-0000-000000000006', '30000000-0000-0000-0000-000000000001',
   23, '대시보드-2025-0023', 'manual', '2025-06-02 15:00:00+09'),

  -- voc10: 분석-2025-0052 (접수/low, 담당자 없음)
  ('50000000-0000-0000-0000-000000000010',
   '분기별 목표 달성률 리포트 다운로드 시 빈 파일 생성',
   '<p>분기별 목표 달성률 리포트를 Excel로 다운로드 시 <strong>빈 파일(0KB)</strong>이 생성됩니다. 파일명은 정상이나 내용이 없습니다.</p><p>PDF 다운로드는 정상이며, 다른 리포트 Excel 다운로드도 정상입니다. 분기별 집계 쿼리에서 데이터를 반환하지 못하는 것으로 추정됩니다.</p>',
   '접수', 'low',
   '00000000-0000-0000-0000-000000000008', NULL, NULL,
   '10000000-0000-0000-0000-000000000001', '20000000-0000-0000-0000-000000000002', '30000000-0000-0000-0000-000000000004',
   52, '분석-2025-0052', 'manual', '2025-05-30 11:00:00+09'),

  -- voc11: 대시보드-2025-0021 (드랍/high)
  ('50000000-0000-0000-0000-000000000011',
   'KPI 목표값 편집 저장 후 새로고침하면 이전 값으로 복원',
   '<p>KPI 목표값 편집 후 저장 버튼 클릭 시 ''저장되었습니다'' 토스트가 표시되지만, 페이지 새로고침 시 <strong>이전 값으로 복원</strong>됩니다.</p><p>DB에 실제로 저장되지 않거나 캐시가 DB보다 우선 적용되는 것으로 추정됩니다. 저장 API 응답은 200 OK를 반환합니다.</p>',
   '드랍', 'high',
   '00000000-0000-0000-0000-000000000009', '00000000-0000-0000-0000-000000000006', NULL,
   '10000000-0000-0000-0000-000000000003', '20000000-0000-0000-0000-000000000007', '30000000-0000-0000-0000-000000000003',
   21, '대시보드-2025-0021', 'manual', '2025-05-28 14:00:00+09'),

  -- voc12: 파이프라인-2025-0005 (완료/medium)
  ('50000000-0000-0000-0000-000000000012',
   '일별 집계 배치가 DST 전환일에 한 시간 데이터 누락',
   '<p>일별 집계 배치가 <strong>DST(일광절약시간) 전환일</strong>에 한 시간 치 데이터가 누락됩니다. 연 2회(3월, 11월 첫째 주 일요일) 반복 발생합니다.</p><p>타임존 처리 로직에서 DST 전환 구간을 고려하지 않아 해당 시간대(01:00~02:00)의 데이터가 건너뛰어집니다.</p>',
   '완료', 'medium',
   '00000000-0000-0000-0000-000000000006', '00000000-0000-0000-0000-000000000005', NULL,
   '10000000-0000-0000-0000-000000000002', '20000000-0000-0000-0000-000000000004', '30000000-0000-0000-0000-000000000001',
   5, '파이프라인-2025-0005', 'manual', '2025-05-25 10:00:00+09'),

  -- sub1: 분석-2025-0001-1 (voc1 하위 / 완료/medium)
  ('50000000-0000-0000-0000-000000000013',
   '다중 필터 쿼리 실행 계획 분석 및 인덱스 검토',
   '<p>다중 필터 조건 적용 시 풀 테이블 스캔이 발생하고 있었으며, 복합 인덱스가 누락된 상태였습니다. 기간·부서 컬럼에 복합 인덱스를 추가하고 쿼리 타임아웃을 60초로 상향 조정했습니다.</p>',
   '완료', 'medium',
   '00000000-0000-0000-0000-000000000005', '00000000-0000-0000-0000-000000000005',
   '50000000-0000-0000-0000-000000000001',
   '10000000-0000-0000-0000-000000000001', '20000000-0000-0000-0000-000000000001', '30000000-0000-0000-0000-000000000001',
   53, '분석-2025-0001-1', 'manual', '2025-06-13 10:00:00+09'),

  -- sub2: 분석-2025-0001-2 (voc1 하위 / 처리중/high)
  ('50000000-0000-0000-0000-000000000014',
   '차트 렌더링 레이어 비동기 요청 처리 개선',
   '<p>차트 렌더링 레이어에서 다중 필터 조건을 순차 요청하던 방식을 병렬 Promise.all 방식으로 변경합니다. 현재 코드 리뷰 중이며 QA 후 배포 예정입니다.</p>',
   '처리중', 'high',
   '00000000-0000-0000-0000-000000000005', '00000000-0000-0000-0000-000000000007',
   '50000000-0000-0000-0000-000000000001',
   '10000000-0000-0000-0000-000000000001', '20000000-0000-0000-0000-000000000001', '30000000-0000-0000-0000-000000000001',
   54, '분석-2025-0001-2', 'manual', '2025-06-13 10:30:00+09');

-- ── voc_sequence_counters: 향후 UI 등록 시 트리거가 올바른 seq 채번하도록 최고값 설정
INSERT INTO voc_sequence_counters (system_id, year, last_seq) VALUES
  ('10000000-0000-0000-0000-000000000001', 2025, 54),   -- 분석: sub2가 seq=54
  ('10000000-0000-0000-0000-000000000002', 2025, 12),   -- 파이프라인: voc8이 seq=12
  ('10000000-0000-0000-0000-000000000003', 2025, 23);   -- 대시보드: voc9가 seq=23

-- ── voc_tags (프로토타입 tags 매핑)
INSERT INTO voc_tags (voc_id, tag_id, source) VALUES
  -- voc1: 차트, 데이터, 오류
  ('50000000-0000-0000-0000-000000000001', '40000000-0000-0000-0000-000000000001', 'manual'),
  ('50000000-0000-0000-0000-000000000001', '40000000-0000-0000-0000-000000000002', 'manual'),
  ('50000000-0000-0000-0000-000000000001', '40000000-0000-0000-0000-000000000003', 'manual'),
  -- voc2: 차트, 데이터
  ('50000000-0000-0000-0000-000000000002', '40000000-0000-0000-0000-000000000001', 'manual'),
  ('50000000-0000-0000-0000-000000000002', '40000000-0000-0000-0000-000000000002', 'manual'),
  -- voc3: ETL, 오류
  ('50000000-0000-0000-0000-000000000003', '40000000-0000-0000-0000-000000000004', 'manual'),
  ('50000000-0000-0000-0000-000000000003', '40000000-0000-0000-0000-000000000003', 'manual'),
  -- voc4: KPI
  ('50000000-0000-0000-0000-000000000004', '40000000-0000-0000-0000-000000000005', 'manual'),
  -- voc5: ETL, 데이터, 오류
  ('50000000-0000-0000-0000-000000000005', '40000000-0000-0000-0000-000000000004', 'manual'),
  ('50000000-0000-0000-0000-000000000005', '40000000-0000-0000-0000-000000000002', 'manual'),
  ('50000000-0000-0000-0000-000000000005', '40000000-0000-0000-0000-000000000003', 'manual'),
  -- voc6: 데이터, 통계
  ('50000000-0000-0000-0000-000000000006', '40000000-0000-0000-0000-000000000002', 'manual'),
  ('50000000-0000-0000-0000-000000000006', '40000000-0000-0000-0000-000000000006', 'manual'),
  -- voc7: 대시보드, 데이터
  ('50000000-0000-0000-0000-000000000007', '40000000-0000-0000-0000-000000000007', 'manual'),
  ('50000000-0000-0000-0000-000000000007', '40000000-0000-0000-0000-000000000002', 'manual'),
  -- voc8: ETL, 오류
  ('50000000-0000-0000-0000-000000000008', '40000000-0000-0000-0000-000000000004', 'manual'),
  ('50000000-0000-0000-0000-000000000008', '40000000-0000-0000-0000-000000000003', 'manual'),
  -- voc9: 대시보드, 위젯
  ('50000000-0000-0000-0000-000000000009', '40000000-0000-0000-0000-000000000007', 'manual'),
  ('50000000-0000-0000-0000-000000000009', '40000000-0000-0000-0000-000000000008', 'manual'),
  -- voc10: 통계
  ('50000000-0000-0000-0000-000000000010', '40000000-0000-0000-0000-000000000006', 'manual'),
  -- voc11: KPI, 위젯
  ('50000000-0000-0000-0000-000000000011', '40000000-0000-0000-0000-000000000005', 'manual'),
  ('50000000-0000-0000-0000-000000000011', '40000000-0000-0000-0000-000000000008', 'manual'),
  -- voc12: ETL, 배치
  ('50000000-0000-0000-0000-000000000012', '40000000-0000-0000-0000-000000000004', 'manual'),
  ('50000000-0000-0000-0000-000000000012', '40000000-0000-0000-0000-000000000009', 'manual');

-- ── comments (voc1에 2건 — 진행 상황 반영)
INSERT INTO comments (id, voc_id, author_id, body) VALUES
  ('60000000-0000-0000-0000-000000000001',
   '50000000-0000-0000-0000-000000000001',
   '00000000-0000-0000-0000-000000000005',
   '복합 인덱스 추가 완료. sub-task 1은 완료 처리했습니다. 렌더링 레이어 개선(sub-task 2)은 코드 리뷰 중입니다.'),
  ('60000000-0000-0000-0000-000000000002',
   '50000000-0000-0000-0000-000000000001',
   '00000000-0000-0000-0000-000000000007',
   'Promise.all 방식으로 리팩터링 완료, PR #47 리뷰 요청했습니다.');

COMMIT;
