-- 재실행 안전: ON CONFLICT DO NOTHING
-- UUID는 6-6 mockUsers.ts fixture와 동일해야 auth 미들웨어와 연동됨

-- users (3명 — mock fixture UUID 고정)
INSERT INTO users (id, ad_username, display_name, email, role) VALUES
  ('00000000-0000-0000-0000-000000000001', 'mock_admin',   'Mock Admin',   'admin@company.com',   'admin'),
  ('00000000-0000-0000-0000-000000000002', 'mock_manager', 'Mock Manager', 'manager@company.com', 'manager'),
  ('00000000-0000-0000-0000-000000000003', 'mock_user',    'Mock User',    'user@company.com',    'user')
ON CONFLICT (id) DO NOTHING;

-- systems (2개)
INSERT INTO systems (id, name, slug) VALUES
  ('10000000-0000-0000-0000-000000000001', '분석 시스템',   'analysis'),
  ('10000000-0000-0000-0000-000000000002', '생산관리 시스템', 'production')
ON CONFLICT (id) DO NOTHING;

-- menus (각 시스템당 3-4개)
INSERT INTO menus (id, system_id, name, slug) VALUES
  ('20000000-0000-0000-0000-000000000001', '10000000-0000-0000-0000-000000000001', '대시보드',   'dashboard'),
  ('20000000-0000-0000-0000-000000000002', '10000000-0000-0000-0000-000000000001', '리포트',     'report'),
  ('20000000-0000-0000-0000-000000000003', '10000000-0000-0000-0000-000000000001', '기타',       'etc'),
  ('20000000-0000-0000-0000-000000000004', '10000000-0000-0000-0000-000000000002', '생산계획',   'plan'),
  ('20000000-0000-0000-0000-000000000005', '10000000-0000-0000-0000-000000000002', '실적관리',   'performance'),
  ('20000000-0000-0000-0000-000000000006', '10000000-0000-0000-0000-000000000002', '품질관리',   'quality'),
  ('20000000-0000-0000-0000-000000000007', '10000000-0000-0000-0000-000000000002', '기타',       'etc')
ON CONFLICT (id) DO NOTHING;

-- voc_types (4종)
INSERT INTO voc_types (id, name, slug, color, sort_order) VALUES
  ('30000000-0000-0000-0000-000000000001', '버그',      'bug',         'red',   1),
  ('30000000-0000-0000-0000-000000000002', '기능 요청', 'feature',     'blue',  2),
  ('30000000-0000-0000-0000-000000000003', '개선 제안', 'improvement', 'green', 3),
  ('30000000-0000-0000-0000-000000000004', '문의',      'inquiry',     'gray',  4)
ON CONFLICT (id) DO NOTHING;

-- tags (general 5개, menu 2개)
INSERT INTO tags (id, name, slug, kind) VALUES
  ('40000000-0000-0000-0000-000000000001', '성능',   'performance', 'general'),
  ('40000000-0000-0000-0000-000000000002', '오류',   'error',       'general'),
  ('40000000-0000-0000-0000-000000000003', 'UI',     'ui',          'general'),
  ('40000000-0000-0000-0000-000000000004', '데이터', 'data',        'general'),
  ('40000000-0000-0000-0000-000000000005', '권한',   'permission',  'general'),
  ('40000000-0000-0000-0000-000000000006', '대시보드 메뉴', 'menu-dashboard', 'menu'),
  ('40000000-0000-0000-0000-000000000007', '생산계획 메뉴', 'menu-plan',      'menu')
ON CONFLICT (id) DO NOTHING;

-- vocs (10건 — status·priority 다양 분포, 대시보드 위젯이 유의미하게 표시되도록)
-- sequence_no는 트리거가 자동 채번
INSERT INTO vocs (id, title, body, status, priority, author_id, assignee_id, system_id, menu_id, voc_type_id, source) VALUES
  ('50000000-0000-0000-0000-000000000001', '대시보드 로딩 속도 개선 요청', '분석 시스템 대시보드가 데이터 로드 시 10초 이상 걸립니다.',
   '접수', 'high',   '00000000-0000-0000-0000-000000000003', NULL, '10000000-0000-0000-0000-000000000001', '20000000-0000-0000-0000-000000000001', '30000000-0000-0000-0000-000000000003', 'manual'),
  ('50000000-0000-0000-0000-000000000002', '리포트 다운로드 오류', 'CSV 다운로드 버튼 클릭 시 500 에러가 발생합니다.',
   '검토중', 'urgent', '00000000-0000-0000-0000-000000000003', '00000000-0000-0000-0000-000000000002', '10000000-0000-0000-0000-000000000001', '20000000-0000-0000-0000-000000000002', '30000000-0000-0000-0000-000000000001', 'manual'),
  ('50000000-0000-0000-0000-000000000003', '생산계획 날짜 필터 버그', '시작일과 종료일 역전 시 빈 결과 대신 에러 메시지 없이 전체 데이터를 반환합니다.',
   '처리중', 'medium', '00000000-0000-0000-0000-000000000003', '00000000-0000-0000-0000-000000000002', '10000000-0000-0000-0000-000000000002', '20000000-0000-0000-0000-000000000004', '30000000-0000-0000-0000-000000000001', 'manual'),
  ('50000000-0000-0000-0000-000000000004', '품질관리 기능 추가 요청', '불량 유형별 트렌드 차트 기능이 필요합니다.',
   '완료', 'low',    '00000000-0000-0000-0000-000000000003', '00000000-0000-0000-0000-000000000002', '10000000-0000-0000-0000-000000000002', '20000000-0000-0000-0000-000000000006', '30000000-0000-0000-0000-000000000002', 'manual'),
  ('50000000-0000-0000-0000-000000000005', '실적 데이터 오차 문의', '목표 대비 실적이 음수로 표시되는 경우가 있습니다.',
   '드랍', 'medium', '00000000-0000-0000-0000-000000000003', NULL, '10000000-0000-0000-0000-000000000002', '20000000-0000-0000-0000-000000000005', '30000000-0000-0000-0000-000000000004', 'manual'),
  ('50000000-0000-0000-0000-000000000006', '권한 오류 — 일반 사용자 관리자 메뉴 접근', '일반 사용자가 관리자 전용 설정 메뉴에 접근 가능합니다.',
   '접수', 'urgent', '00000000-0000-0000-0000-000000000003', NULL, '10000000-0000-0000-0000-000000000001', '20000000-0000-0000-0000-000000000003', '30000000-0000-0000-0000-000000000001', 'manual'),
  ('50000000-0000-0000-0000-000000000007', '분석 리포트 필터 UI 개선', '현재 드롭다운 방식 필터를 멀티셀렉트로 변경 요청합니다.',
   '검토중', 'low',   '00000000-0000-0000-0000-000000000003', '00000000-0000-0000-0000-000000000002', '10000000-0000-0000-0000-000000000001', '20000000-0000-0000-0000-000000000002', '30000000-0000-0000-0000-000000000003', 'manual'),
  ('50000000-0000-0000-0000-000000000008', '생산계획 Jira 이관 데이터 정합성', 'Jira에서 이관된 VOC 중 담당자가 비어 있는 항목이 있습니다.',
   '처리중', 'high',  '00000000-0000-0000-0000-000000000002', '00000000-0000-0000-0000-000000000002', '10000000-0000-0000-0000-000000000002', '20000000-0000-0000-0000-000000000004', '30000000-0000-0000-0000-000000000004', 'import'),
  ('50000000-0000-0000-0000-000000000009', '대시보드 위젯 순서 저장 안 됨', '페이지 새로고침 후 위젯 순서가 초기화됩니다.',
   '완료', 'medium', '00000000-0000-0000-0000-000000000003', '00000000-0000-0000-0000-000000000002', '10000000-0000-0000-0000-000000000001', '20000000-0000-0000-0000-000000000001', '30000000-0000-0000-0000-000000000001', 'manual'),
  ('50000000-0000-0000-0000-000000000010', '기타 — 로그인 후 리다이렉트 오류', '로그인 완료 후 이전 페이지가 아닌 홈으로 이동합니다.',
   '접수', 'medium', '00000000-0000-0000-0000-000000000003', NULL, '10000000-0000-0000-0000-000000000001', '20000000-0000-0000-0000-000000000003', '30000000-0000-0000-0000-000000000004', 'manual')
ON CONFLICT (id) DO NOTHING;

-- comments (VOC당 1-2건)
INSERT INTO comments (id, voc_id, author_id, body) VALUES
  ('60000000-0000-0000-0000-000000000001', '50000000-0000-0000-0000-000000000001', '00000000-0000-0000-0000-000000000002', '담당자 배정 예정입니다. 내일까지 확인하겠습니다.'),
  ('60000000-0000-0000-0000-000000000002', '50000000-0000-0000-0000-000000000002', '00000000-0000-0000-0000-000000000002', '서버 로그 확인 중입니다.'),
  ('60000000-0000-0000-0000-000000000003', '50000000-0000-0000-0000-000000000002', '00000000-0000-0000-0000-000000000003', '재현 방법: 특정 날짜 범위에서만 발생하는 것 같습니다.'),
  ('60000000-0000-0000-0000-000000000004', '50000000-0000-0000-0000-000000000003', '00000000-0000-0000-0000-000000000002', '수정 배포 예정일: 다음 스프린트'),
  ('60000000-0000-0000-0000-000000000005', '50000000-0000-0000-0000-000000000004', '00000000-0000-0000-0000-000000000002', '트렌드 차트 기능 v1.2에 포함 완료되었습니다.'),
  ('60000000-0000-0000-0000-000000000006', '50000000-0000-0000-0000-000000000009', '00000000-0000-0000-0000-000000000002', '로컬스토리지 저장 로직 버그 수정 완료.'),
  ('60000000-0000-0000-0000-000000000007', '50000000-0000-0000-0000-000000000007', '00000000-0000-0000-0000-000000000002', '멀티셀렉트 컴포넌트 라이브러리 검토 중입니다.')
ON CONFLICT (id) DO NOTHING;
